,Mean,Std.
1,0.8581416606903076,0.7062095403671265
5,0.9380240440368652,0.6092600226402283
10,1.195177435874939,0.5305235385894775
30,1.7684191465377808,0.42812424898147583
