,index,EVR
PCA0,0,0.7896281480789185
PCA1,1,0.16299931704998016
PCA2,2,0.04147423431277275
