,index,EVR
PCA0,0,0.8932335376739502
PCA1,1,0.08864325284957886
PCA2,2,0.01676403172314167
